<?xml version="1.0" encoding="UTF-8"?>
<!DOCTYPE suite SYSTEM "https://testng.org/testng-1.0.dtd">
<suite name="Suite">
  <test thread-count="2" parallel="methods" name="Test">
    <classes>
      <class name="Login.CoinMarket_LoginPage_Tests"/>
      <class name="dropdown.DropDownTests"/>
     <!--  <class name="base.BaseTests"/> -->
     <!--  <class name="utils.Api_test"/> -->
    <!-- class name="runner.Hooks"/>  -->
    </classes>
  </test> <!-- Test -->
</suite> <!-- Suite -->
